product_id,product_category,product_name
1,Clothing,Vintage Attire
2,Electronics,Vertex Cortex
3,Electronics,Echo Cortex
4,Books,Burning Tales
5,Clothing,Deluxe Line
6,Home & Kitchen,Modern Studio
7,Books,Whispering Reflections
8,Sports,Champion Flow
9,Sports,Victory Peak
10,Electronics,Axis Glide
11,Clothing,Bold Line
12,Sports,Stride Peak
13,Home & Kitchen,Pro Aura
14,Beauty,Glow Bloom
15,Electronics,Nova Fusion
16,Beauty,Glow Revive
17,Sports,Momentum Gear
18,Sports,Edge Athlete
19,Books,Golden Odyssey
20,Clothing,Urban Attire
21,Beauty,Luxe Bloom
22,Beauty,Pure Bloom
23,Clothing,Eco Line
24,Home & Kitchen,Essential Aura
25,Home & Kitchen,Cozy Aura
26,Clothing,Bold Ensemble
27,Electronics,Vertex Cortex
28,Home & Kitchen,Harmony Essence
29,Sports,Stride Athlete
30,Home & Kitchen,Harmony Circle
31,Sports,Fusion Gear
32,Sports,Power Peak
33,Home & Kitchen,Pure Circle
34,Books,Whispering Chronicles
35,Electronics,Nova Matrix
36,Clothing,Deluxe Line
37,Clothing,Urban Collection
38,Home & Kitchen,Artisan Aura
39,Clothing,Vintage Line
40,Home & Kitchen,Harmony Nest
41,Beauty,Silk Elixir
42,Home & Kitchen,Elite Blend
43,Beauty,Ethereal Lustre
44,Books,Silent Chronicles
45,Electronics,Axis Matrix
46,Sports,Fusion Motion
47,Books,Dark Insights
48,Sports,Edge Pulse
49,Books,Golden Chronicles
50,Books,Dark Legends
51,Home & Kitchen,Cozy Craft
52,Electronics,Quantum Vibe
53,Books,Lost Memoirs
54,Beauty,Crystal Blossom
55,Clothing,Radiant Collection
56,Electronics,Vertex Stream
57,Electronics,Nova Stream
58,Books,Dark Tales
59,Sports,Fusion Motion
60,Books,Golden Sagas
61,Home & Kitchen,Artisan Circle
62,Beauty,Crystal Aura
63,Home & Kitchen,Pro Nest
64,Beauty,Pure Bloom
65,Beauty,Crystal Elixir
66,Electronics,Vertex Vibe
67,Electronics,Quantum Fusion
68,Home & Kitchen,Pro Haven
69,Sports,Victory Peak
70,Beauty,Crystal Aura
71,Electronics,Quantum Stream
72,Electronics,Nova Glide
73,Books,Lost Odyssey
74,Electronics,Quantum Matrix
75,Clothing,Vintage Ensemble
76,Sports,Champion Drive
77,Books,Whispering Sagas
78,Books,Silent Insights
79,Beauty,Glow Revive
80,Clothing,Classic Weave
81,Beauty,Crystal Blossom
82,Electronics,Aurora Orbit
83,Clothing,Zen Ensemble
84,Home & Kitchen,Harmony Craft
85,Beauty,Silk Blossom
86,Clothing,Radiant Threads
87,Books,Burning Legends
88,Books,Burning Odyssey
89,Home & Kitchen,Cozy Nest
90,Beauty,Crystal Serum
91,Beauty,Pure Serum
92,Clothing,Deluxe Attire
93,Beauty,Silk Revive
94,Books,Dark Legends
95,Clothing,Urban Attire
96,Sports,Power Motion
97,Beauty,Pure Essence
98,Clothing,Urban Weave
99,Home & Kitchen,Cozy Craft
100,Electronics,Axis Glide
101,Electronics,Quantum Beacon
102,Beauty,Luxe Elixir
103,Clothing,Deluxe Weave
104,Beauty,Ethereal Blossom
105,Sports,Edge Peak
106,Books,Hidden Insights
107,Books,Hidden Odyssey
108,Sports,Swift Motion
109,Books,Lost Sagas
110,Electronics,Pulse Cortex
111,Home & Kitchen,Artisan Essence
112,Books,Lost Insights
113,Sports,Momentum Gear
114,Electronics,Aurora Glide
115,Electronics,Nexus Beacon
116,Electronics,Axis Beacon
117,Electronics,Quantum Fusion
118,Electronics,Nexus Orbit
119,Home & Kitchen,Artisan Blend
120,Home & Kitchen,Harmony Blend
121,Home & Kitchen,Modern Blend
122,Beauty,Radiant Revive
123,Clothing,Zen Attire
124,Clothing,Urban Outfit
125,Clothing,Zen Line
126,Home & Kitchen,Harmony Haven
127,Home & Kitchen,Artisan Haven
128,Electronics,Vertex Cortex
129,Electronics,Pulse Orbit
130,Electronics,Vertex Matrix
131,Clothing,Zen Style
132,Beauty,Pure Lustre
133,Clothing,Urban Collection
134,Home & Kitchen,Pro Studio
135,Home & Kitchen,Essential Haven
136,Home & Kitchen,Cozy Blend
137,Sports,Champion Drive
138,Home & Kitchen,Pure Studio
139,Sports,Momentum Drive
140,Electronics,Axis Fusion
141,Beauty,Radiant Elixir
142,Clothing,Urban Ensemble
143,Books,Dark Tales
144,Books,Silent Memoirs
145,Books,Whispering Odyssey
146,Books,Golden Chronicles
147,Books,Golden Insights
148,Home & Kitchen,Pro Aura
149,Clothing,Zen Collection
150,Electronics,Echo Fusion
151,Books,Hidden Tales
152,Home & Kitchen,Pro Essence
153,Books,Hidden Legends
154,Electronics,Echo Vibe
155,Books,Hidden Odyssey
156,Home & Kitchen,Artisan Essence
157,Books,Hidden Reflections
158,Home & Kitchen,Cozy Aura
159,Clothing,Bold Ensemble
160,Clothing,Vintage Collection
161,Beauty,Pure Bloom
162,Books,Hidden Odyssey
163,Beauty,Pure Serum
164,Home & Kitchen,Pro Craft
165,Books,Golden Insights
166,Beauty,Ethereal Revive
167,Sports,Champion Pulse
168,Books,Eternal Legends
169,Beauty,Crystal Serum
170,Beauty,Glow Blossom
171,Clothing,Urban Attire
172,Clothing,Deluxe Weave
173,Sports,Fusion Peak
174,Beauty,Glow Essence
175,Electronics,Pulse Stream
176,Sports,Champion Drive
177,Books,Eternal Chronicles
178,Electronics,Pulse Cortex
179,Clothing,Vintage Ensemble
180,Home & Kitchen,Pure Aura
181,Electronics,Pulse Fusion
182,Beauty,Ethereal Serum
183,Home & Kitchen,Elite Craft
184,Sports,Fusion Flow
185,Electronics,Pulse Matrix
186,Clothing,Vintage Line
187,Beauty,Ethereal Serum
188,Home & Kitchen,Modern Nest
189,Books,Lost Legends
190,Home & Kitchen,Artisan Blend
191,Electronics,Axis Vibe
192,Clothing,Zen Attire
193,Clothing,Bold Collection
194,Home & Kitchen,Elite Haven
195,Sports,Victory Athlete
196,Clothing,Classic Style
197,Books,Burning Insights
198,Sports,Momentum Fit
199,Electronics,Echo Beacon
200,Home & Kitchen,Cozy Haven
201,Electronics,Pulse Fusion
202,Sports,Edge Peak
203,Sports,Power Gear
204,Clothing,Vintage Threads
205,Clothing,Classic Collection
206,Clothing,Bold Attire
207,Sports,Edge Motion
208,Clothing,Deluxe Line
209,Home & Kitchen,Cozy Blend
210,Beauty,Glow Blossom
211,Clothing,Deluxe Line
212,Clothing,Eco Ensemble
213,Clothing,Vintage Collection
214,Books,Whispering Chronicles
215,Home & Kitchen,Harmony Essence
216,Beauty,Radiant Aura
217,Beauty,Luxe Essence
218,Sports,Momentum Fit
219,Clothing,Radiant Weave
220,Electronics,Quantum Beacon
221,Sports,Victory Athlete
222,Books,Eternal Tales
223,Clothing,Bold Threads
224,Books,Golden Memoirs
225,Books,Golden Odyssey
226,Home & Kitchen,Elite Blend
227,Electronics,Echo Orbit
228,Clothing,Zen Weave
229,Electronics,Vertex Beacon
230,Clothing,Eco Style
231,Clothing,Zen Line
232,Home & Kitchen,Harmony Circle
233,Home & Kitchen,Harmony Haven
234,Sports,Power Peak
235,Sports,Edge Flow
236,Electronics,Pulse Beacon
237,Beauty,Radiant Serum
238,Books,Eternal Chronicles
239,Beauty,Glow Blossom
240,Sports,Stride Peak
241,Electronics,Nexus Cortex
242,Clothing,Classic Outfit
243,Beauty,Glow Revive
244,Electronics,Vertex Glide
245,Sports,Victory Athlete
246,Home & Kitchen,Artisan Studio
247,Books,Eternal Legends
248,Books,Burning Tales
249,Sports,Victory Fit
250,Sports,Stride Peak
251,Clothing,Eco Threads
252,Electronics,Pulse Stream
253,Electronics,Nexus Fusion
254,Home & Kitchen,Cozy Nest
255,Clothing,Deluxe Weave
256,Clothing,Radiant Outfit
257,Clothing,Classic Ensemble
258,Clothing,Eco Line
259,Electronics,Echo Matrix
260,Sports,Power Flow
261,Electronics,Echo Cortex
262,Books,Silent Tales
263,Beauty,Luxe Bloom
264,Sports,Fusion Peak
265,Home & Kitchen,Essential Haven
266,Electronics,Echo Cortex
267,Electronics,Nexus Fusion
268,Home & Kitchen,Essential Essence
269,Home & Kitchen,Modern Circle
270,Home & Kitchen,Artisan Craft
271,Beauty,Pure Aura
272,Beauty,Glow Bloom
273,Clothing,Deluxe Collection
274,Home & Kitchen,Modern Blend
275,Home & Kitchen,Artisan Studio
276,Books,Golden Odyssey
277,Home & Kitchen,Artisan Studio
278,Clothing,Zen Weave
279,Books,Burning Memoirs
280,Books,Burning Sagas
281,Clothing,Eco Outfit
282,Home & Kitchen,Cozy Studio
283,Clothing,Urban Weave
284,Sports,Fusion Drive
285,Books,Whispering Tales
286,Sports,Edge Fit
287,Home & Kitchen,Pure Blend
288,Electronics,Nova Cortex
289,Electronics,Nova Orbit
290,Clothing,Classic Style
291,Electronics,Aurora Vibe
292,Beauty,Pure Revive
293,Electronics,Echo Fusion
294,Books,Hidden Insights
295,Clothing,Vintage Line
296,Sports,Edge Athlete
297,Books,Eternal Chronicles
298,Electronics,Quantum Matrix
299,Sports,Power Gear
300,Clothing,Deluxe Threads
301,Books,Burning Insights
302,Home & Kitchen,Pro Aura
303,Electronics,Pulse Matrix
304,Beauty,Crystal Serum
305,Clothing,Deluxe Ensemble
306,Electronics,Nexus Stream
307,Home & Kitchen,Modern Studio
308,Home & Kitchen,Cozy Aura
309,Clothing,Eco Attire
310,Electronics,Nova Orbit
311,Clothing,Eco Collection
312,Beauty,Velvet Bloom
313,Books,Whispering Tales
314,Sports,Victory Peak
315,Home & Kitchen,Pure Nest
316,Sports,Champion Peak
317,Electronics,Nova Fusion
318,Sports,Fusion Athlete
319,Books,Lost Tales
320,Electronics,Nova Fusion
321,Books,Golden Memoirs
322,Books,Burning Sagas
323,Books,Golden Tales
324,Sports,Power Motion
325,Home & Kitchen,Pro Studio
326,Electronics,Axis Beacon
327,Home & Kitchen,Artisan Circle
328,Books,Hidden Chronicles
329,Sports,Edge Pulse
330,Beauty,Radiant Serum
331,Clothing,Zen Style
332,Home & Kitchen,Essential Studio
333,Electronics,Aurora Vibe
334,Books,Silent Memoirs
335,Clothing,Bold Threads
336,Beauty,Silk Blossom
337,Books,Burning Reflections
338,Books,Burning Memoirs
339,Books,Whispering Sagas
340,Clothing,Zen Collection
341,Clothing,Eco Weave
342,Books,Hidden Insights
343,Electronics,Nova Orbit
344,Sports,Power Flow
345,Clothing,Radiant Ensemble
346,Clothing,Vintage Collection
347,Sports,Momentum Motion
348,Clothing,Classic Ensemble
349,Electronics,Axis Fusion
350,Beauty,Radiant Essence
351,Books,Burning Insights
352,Electronics,Pulse Cortex
353,Sports,Swift Fit
354,Sports,Edge Athlete
355,Beauty,Crystal Serum
356,Clothing,Eco Threads
357,Books,Golden Odyssey
358,Electronics,Nova Cortex
359,Clothing,Bold Outfit
360,Beauty,Luxe Serum
361,Home & Kitchen,Elite Circle
362,Clothing,Zen Style
363,Home & Kitchen,Pure Essence
364,Clothing,Deluxe Collection
365,Books,Golden Odyssey
366,Clothing,Deluxe Collection
367,Home & Kitchen,Artisan Haven
368,Books,Whispering Chronicles
369,Home & Kitchen,Elite Circle
370,Home & Kitchen,Artisan Craft
371,Home & Kitchen,Cozy Haven
372,Clothing,Urban Line
373,Clothing,Zen Outfit
374,Beauty,Crystal Lustre
375,Books,Hidden Tales
376,Beauty,Pure Aura
377,Clothing,Bold Weave
378,Books,Burning Insights
379,Clothing,Zen Attire
380,Sports,Fusion Flow
381,Books,Golden Sagas
382,Sports,Power Athlete
383,Clothing,Eco Ensemble
384,Clothing,Urban Style
385,Home & Kitchen,Pro Blend
386,Clothing,Deluxe Attire
387,Electronics,Nexus Matrix
388,Electronics,Vertex Vibe
389,Books,Eternal Memoirs
390,Sports,Victory Flow
391,Books,Eternal Chronicles
392,Clothing,Radiant Threads
393,Beauty,Velvet Elixir
394,Books,Dark Legends
395,Beauty,Silk Lustre
396,Books,Hidden Tales
397,Home & Kitchen,Pure Haven
398,Books,Eternal Sagas
399,Beauty,Radiant Lustre
400,Books,Lost Sagas
401,Electronics,Quantum Beacon
402,Sports,Momentum Athlete
403,Clothing,Eco Weave
404,Sports,Power Motion
405,Beauty,Silk Revive
406,Books,Silent Insights
407,Electronics,Quantum Stream
408,Sports,Swift Peak
409,Sports,Fusion Peak
410,Books,Dark Chronicles
411,Books,Eternal Chronicles
412,Home & Kitchen,Cozy Essence
413,Clothing,Zen Weave
414,Books,Golden Memoirs
415,Sports,Momentum Fit
416,Electronics,Nexus Orbit
417,Books,Golden Chronicles
418,Books,Lost Reflections
419,Beauty,Pure Serum
420,Beauty,Silk Serum
421,Beauty,Crystal Aura
422,Books,Lost Memoirs
423,Books,Hidden Memoirs
424,Clothing,Zen Weave
425,Clothing,Eco Ensemble
426,Books,Hidden Memoirs
427,Electronics,Aurora Vibe
428,Clothing,Classic Line
429,Electronics,Vertex Orbit
430,Clothing,Classic Threads
431,Home & Kitchen,Pure Circle
432,Books,Burning Tales
433,Clothing,Classic Style
434,Clothing,Eco Line
435,Sports,Momentum Flow
436,Home & Kitchen,Pro Craft
437,Electronics,Pulse Cortex
438,Electronics,Nexus Vibe
439,Beauty,Velvet Blossom
440,Home & Kitchen,Artisan Studio
441,Beauty,Crystal Bloom
442,Beauty,Radiant Serum
443,Sports,Victory Motion
444,Books,Eternal Odyssey
445,Clothing,Bold Attire
446,Sports,Momentum Motion
447,Home & Kitchen,Artisan Essence
448,Books,Burning Legends
449,Beauty,Pure Serum
450,Electronics,Echo Fusion
451,Beauty,Velvet Lustre
452,Books,Dark Odyssey
453,Beauty,Crystal Serum
454,Home & Kitchen,Cozy Circle
455,Clothing,Urban Attire
456,Books,Hidden Memoirs
457,Home & Kitchen,Harmony Circle
458,Sports,Champion Athlete
459,Books,Dark Reflections
460,Books,Hidden Insights
461,Clothing,Radiant Line
462,Electronics,Vertex Beacon
463,Books,Whispering Legends
464,Home & Kitchen,Harmony Essence
465,Home & Kitchen,Pure Nest
466,Sports,Fusion Pulse
467,Sports,Champion Athlete
468,Electronics,Nova Cortex
469,Sports,Fusion Flow
470,Books,Lost Chronicles
471,Beauty,Luxe Essence
472,Sports,Momentum Gear
473,Clothing,Zen Outfit
474,Clothing,Classic Style
475,Electronics,Echo Stream
476,Beauty,Radiant Serum
477,Books,Burning Odyssey
478,Beauty,Glow Elixir
479,Electronics,Aurora Stream
480,Sports,Edge Motion
481,Home & Kitchen,Artisan Blend
482,Electronics,Axis Cortex
483,Home & Kitchen,Cozy Circle
484,Home & Kitchen,Pro Circle
485,Books,Dark Memoirs
486,Books,Eternal Reflections
487,Books,Lost Odyssey
488,Sports,Momentum Fit
489,Electronics,Pulse Stream
490,Beauty,Silk Essence
491,Sports,Power Pulse
492,Clothing,Urban Collection
493,Home & Kitchen,Elite Aura
494,Books,Lost Legends
495,Clothing,Deluxe Style
496,Home & Kitchen,Pure Blend
497,Clothing,Classic Style
498,Beauty,Silk Revive
499,Books,Whispering Memoirs
500,Clothing,Eco Threads
